<?xml version="1.0" encoding="UTF-8" standalone="yes"?>
<addon id="plugin.video.chickenwolfbuild" name="[COLOR darkred]Chicken Wolf Build[/COLOR]" version="1" provider-name="Chicken Wolf">
  <requires>
    <import addon="xbmc.python" version="2.1.0"/>
  </requires>
  <extension point="xbmc.python.pluginsource" library="default.py">
        <provides>video executable</provides>
  </extension>
  <extension point="xbmc.addon.metadata">
    <summary lang="en">Chicken Wolf Build</summary>
    <description lang="en">The best Kodi build ever! Bac Bac Bacooooooooooooohhhhhhhhh!!!</description>
    <platform>all</platform>
  </extension>
</addon>
